{
"lengthUnit": "mil",
"remark": ["fly_line"],
"components": {
	"fields": ["COMPONENT_NO", "COMPONENT_NAME", "LAYER", "X_COORDINATE", "Y_COORDINATE", "ANGLE"],
	"rows": [
		[1, "OLED1", "T", 1420, -1410, 0],
		[2, "Q1", "T", 940, -2670, 180],
		[3, "R1", "T", 1785, -3360, 0],
		[4, "R2", "T", 1790, -3475, 0],
		[5, "R3", "T", 1795, -3595, 0],
		[6, "R4", "T", 1790, -3720, 0],
		[7, "R5", "T", 1170, -3730, 0],
		[8, "SW1", "T", 1380, -2770, 0],
		[9, "SW2", "T", 965, -3060, 0],
		[10, "SW3", "T", 1810, -3050, 0],
		[11, "SW4", "T", 1395, -3360, 0],
		[12, "SW5", "T", 2125, -2805, 90],
		[13, "U1", "T", 930, -3440, 0],
		[14, "wemos d1 mini", "B", 1770, -1580, 180],
		[15, "PAD1", "T", 2165, -3175, 0],
		[16, "PAD1", "B", 2165, -3175, 0],
		[17, "PAD2", "T", 2165, -3080, 0],
		[18, "PAD2", "B", 2165, -3080, 0],
		[19, "PAD3", "T", 1570, -1409.95, 0],
		[20, "PAD3", "B", 1570, -1409.95, 0],
		[21, "PAD4", "T", 1470, -1409.95, 0],
		[22, "PAD4", "B", 1470, -1409.95, 0],
		[23, "PAD5", "T", 1370, -1409.95, 0],
		[24, "PAD5", "B", 1370, -1409.95, 0],
		[25, "PAD6", "T", 1270, -1410.05, 0],
		[26, "PAD6", "B", 1270, -1410.05, 0],
		[27, "PAD7", "T", 890, -2670, 0],
		[28, "PAD7", "B", 890, -2670, 0],
		[29, "PAD8", "T", 940, -2670, 0],
		[30, "PAD8", "B", 940, -2670, 0],
		[31, "PAD9", "T", 990, -2670, 0],
		[32, "PAD9", "B", 990, -2670, 0],
		[33, "PAD10", "T", 1785, -3360, 0],
		[34, "PAD10", "B", 1785, -3360, 0],
		[35, "PAD11", "T", 2139.33, -3360, 0],
		[36, "PAD11", "B", 2139.33, -3360, 0],
		[37, "PAD12", "T", 1790, -3475, 0],
		[38, "PAD12", "B", 1790, -3475, 0],
		[39, "PAD13", "T", 2144.33, -3475, 0],
		[40, "PAD13", "B", 2144.33, -3475, 0],
		[41, "PAD14", "T", 1795, -3595, 0],
		[42, "PAD14", "B", 1795, -3595, 0],
		[43, "PAD15", "T", 2149.33, -3595, 0],
		[44, "PAD15", "B", 2149.33, -3595, 0],
		[45, "PAD16", "T", 1790, -3720, 0],
		[46, "PAD16", "B", 1790, -3720, 0],
		[47, "PAD17", "T", 2144.33, -3720, 0],
		[48, "PAD17", "B", 2144.33, -3720, 0],
		[49, "PAD18", "T", 1170, -3730, 0],
		[50, "PAD18", "B", 1170, -3730, 0],
		[51, "PAD19", "T", 1524.33, -3730, 0],
		[52, "PAD19", "B", 1524.33, -3730, 0],
		[53, "PAD20", "T", 1252.05, -2681.42, 0],
		[54, "PAD20", "B", 1252.05, -2681.42, 0],
		[55, "PAD21", "T", 1507.95, -2681.42, 0],
		[56, "PAD21", "B", 1507.95, -2681.42, 0],
		[57, "PAD22", "T", 1507.95, -2858.58, 0],
		[58, "PAD22", "B", 1507.95, -2858.58, 0],
		[59, "PAD23", "T", 837.05, -2971.42, 0],
		[60, "PAD23", "B", 837.05, -2971.42, 0],
		[61, "PAD24", "T", 1092.95, -2971.42, 0],
		[62, "PAD24", "B", 1092.95, -2971.42, 0],
		[63, "PAD25", "T", 1092.95, -3148.58, 0],
		[64, "PAD25", "B", 1092.95, -3148.58, 0],
		[65, "PAD26", "T", 1682.05, -2961.42, 0],
		[66, "PAD26", "B", 1682.05, -2961.42, 0],
		[67, "PAD27", "T", 1937.95, -2961.42, 0],
		[68, "PAD27", "B", 1937.95, -2961.42, 0],
		[69, "PAD28", "T", 1937.95, -3138.58, 0],
		[70, "PAD28", "B", 1937.95, -3138.58, 0],
		[71, "PAD29", "T", 1267.05, -3271.42, 0],
		[72, "PAD29", "B", 1267.05, -3271.42, 0],
		[73, "PAD30", "T", 1522.95, -3271.42, 0],
		[74, "PAD30", "B", 1522.95, -3271.42, 0],
		[75, "PAD31", "T", 1267.05, -3448.58, 0],
		[76, "PAD31", "B", 1267.05, -3448.58, 0],
		[77, "PAD32", "T", 1522.95, -3448.58, 0],
		[78, "PAD32", "B", 1522.95, -3448.58, 0],
		[79, "PAD33", "T", 1079.605, -3440, 0],
		[80, "PAD33", "B", 1079.605, -3440, 0],
		[81, "PAD34", "T", 780.395, -3440, 0],
		[82, "PAD34", "B", 780.395, -3440, 0],
		[83, "PAD35", "T", 1770.001, -1579.997, 0],
		[84, "PAD35", "B", 1770.001, -1579.997, 0],
		[85, "PAD36", "T", 1570.001, -1579.997, 0],
		[86, "PAD36", "B", 1570.001, -1579.997, 0],
		[87, "PAD37", "T", 1470.001, -1579.997, 0],
		[88, "PAD37", "B", 1470.001, -1579.997, 0],
		[89, "PAD38", "T", 1370.001, -1579.997, 0],
		[90, "PAD38", "B", 1370.001, -1579.997, 0],
		[91, "PAD39", "T", 1770.001, -2479.997, 0],
		[92, "PAD39", "B", 1770.001, -2479.997, 0],
		[93, "PAD40", "T", 1670.001, -2479.997, 0],
		[94, "PAD40", "B", 1670.001, -2479.997, 0],
		[95, "PAD41", "T", 1570.001, -2479.997, 0],
		[96, "PAD41", "B", 1570.001, -2479.997, 0],
		[97, "PAD42", "T", 1470.001, -2479.997, 0],
		[98, "PAD42", "B", 1470.001, -2479.997, 0],
		[99, "PAD43", "T", 1370.001, -2479.997, 0],
		[100, "PAD43", "B", 1370.001, -2479.997, 0],
		[101, "PAD44", "T", 1270.001, -2479.997, 0],
		[102, "PAD44", "B", 1270.001, -2479.997, 0],
		[103, "PAD45", "T", 2125, -2883.74, 0],
		[104, "PAD45", "B", 2125, -2883.74, 0],
		[105, "PAD46", "T", 2125, -2805, 0],
		[106, "PAD46", "B", 2125, -2805, 0]
	]
},
"pins": {
	"fields": ["PIN_NO", "PIN_NAME", "PIN_X", "PIN_Y", "LAYER", "PIN_TYPE", "NET_NAME", "NET_TYPE", "PAD_SHAPE", "PAD_SIZEX", "PAD_SIZEY", "HOLE_SIZE", "HOLE_LEN", "PAD_ANGLE"],
	"rows": [
		[1, "OLED1_1", 1270, -1410.05, "T", "DIP", "$1N2195", "", "C", 64.961, 64.961, 39.37, 39.37, 0],
		[2, "OLED1_1", 1270, -1410.05, "B", "DIP", "$1N2195", "", "C", 64.961, 64.961, 39.37, 39.37, 0],
		[3, "OLED1_2", 1370, -1409.95, "T", "DIP", "$1N1091", "", "C", 64.961, 64.961, 39.37, 39.37, 0],
		[4, "OLED1_2", 1370, -1409.95, "B", "DIP", "$1N1091", "", "C", 64.961, 64.961, 39.37, 39.37, 0],
		[5, "OLED1_3", 1470, -1409.95, "T", "DIP", "$1N1061", "", "C", 64.961, 64.961, 39.37, 39.37, 0],
		[6, "OLED1_3", 1470, -1409.95, "B", "DIP", "$1N1061", "", "C", 64.961, 64.961, 39.37, 39.37, 0],
		[7, "OLED1_4", 1570, -1409.95, "T", "DIP", "$1N1066", "", "C", 64.961, 64.961, 39.37, 39.37, 0],
		[8, "OLED1_4", 1570, -1409.95, "B", "DIP", "$1N1066", "", "C", 64.961, 64.961, 39.37, 39.37, 0],
		[9, "Q1_1", 990, -2670, "T", "DIP", "$1N1307", "", "R", 35.433, 62.992, 27.56, 27.56, 180],
		[10, "Q1_1", 990, -2670, "B", "DIP", "$1N1307", "", "R", 35.433, 62.992, 27.56, 27.56, 180],
		[11, "Q1_2", 940, -2670, "T", "DIP", "$1N1278", "", "O", 35.433, 62.992, 27.56, 27.56, 180],
		[12, "Q1_2", 940, -2670, "B", "DIP", "$1N1278", "", "O", 35.433, 62.992, 27.56, 27.56, 180],
		[13, "Q1_3", 890, -2670, "T", "DIP", "$1N1287", "", "O", 35.433, 62.992, 27.56, 27.56, 180],
		[14, "Q1_3", 890, -2670, "B", "DIP", "$1N1287", "", "O", 35.433, 62.992, 27.56, 27.56, 180],
		[15, "R1_1", 1785, -3360, "T", "DIP", "$1N2197", "", "C", 78.74, 78.74, 35.434, 35.434, 180],
		[16, "R1_1", 1785, -3360, "B", "DIP", "$1N2197", "", "C", 78.74, 78.74, 35.434, 35.434, 180],
		[17, "R1_2", 2139.33, -3360, "T", "DIP", "$1N1091", "", "C", 78.74, 78.74, 35.434, 35.434, 180],
		[18, "R1_2", 2139.33, -3360, "B", "DIP", "$1N1091", "", "C", 78.74, 78.74, 35.434, 35.434, 180],
		[19, "R2_1", 1790, -3475, "T", "DIP", "$1N2199", "", "C", 78.74, 78.74, 35.434, 35.434, 180],
		[20, "R2_1", 1790, -3475, "B", "DIP", "$1N2199", "", "C", 78.74, 78.74, 35.434, 35.434, 180],
		[21, "R2_2", 2144.33, -3475, "T", "DIP", "$1N1091", "", "C", 78.74, 78.74, 35.434, 35.434, 180],
		[22, "R2_2", 2144.33, -3475, "B", "DIP", "$1N1091", "", "C", 78.74, 78.74, 35.434, 35.434, 180],
		[23, "R3_1", 1795, -3595, "T", "DIP", "$1N2201", "", "C", 78.74, 78.74, 35.434, 35.434, 180],
		[24, "R3_1", 1795, -3595, "B", "DIP", "$1N2201", "", "C", 78.74, 78.74, 35.434, 35.434, 180],
		[25, "R3_2", 2149.33, -3595, "T", "DIP", "$1N1091", "", "C", 78.74, 78.74, 35.434, 35.434, 180],
		[26, "R3_2", 2149.33, -3595, "B", "DIP", "$1N1091", "", "C", 78.74, 78.74, 35.434, 35.434, 180],
		[27, "R4_1", 1790, -3720, "T", "DIP", "$1N2203", "", "C", 78.74, 78.74, 35.434, 35.434, 180],
		[28, "R4_1", 1790, -3720, "B", "DIP", "$1N2203", "", "C", 78.74, 78.74, 35.434, 35.434, 180],
		[29, "R4_2", 2144.33, -3720, "T", "DIP", "$1N1091", "", "C", 78.74, 78.74, 35.434, 35.434, 180],
		[30, "R4_2", 2144.33, -3720, "B", "DIP", "$1N1091", "", "C", 78.74, 78.74, 35.434, 35.434, 180],
		[31, "R5_1", 1170, -3730, "T", "DIP", "$1N1282", "", "C", 78.74, 78.74, 35.434, 35.434, 180],
		[32, "R5_1", 1170, -3730, "B", "DIP", "$1N1282", "", "C", 78.74, 78.74, 35.434, 35.434, 180],
		[33, "R5_2", 1524.33, -3730, "T", "DIP", "$1N1278", "", "C", 78.74, 78.74, 35.434, 35.434, 180],
		[34, "R5_2", 1524.33, -3730, "B", "DIP", "$1N1278", "", "C", 78.74, 78.74, 35.434, 35.434, 180],
		[35, "SW1_1", 1252.05, -2681.42, "T", "DIP", "$1N1191", "", "C", 70.866, 70.866, 47.244, 47.244, 0],
		[36, "SW1_1", 1252.05, -2681.42, "B", "DIP", "$1N1191", "", "C", 70.866, 70.866, 47.244, 47.244, 0],
		[37, "SW1_2", 1507.95, -2681.42, "T", "DIP", "$1N2197", "", "C", 70.866, 70.866, 47.244, 47.244, 0],
		[38, "SW1_2", 1507.95, -2681.42, "B", "DIP", "$1N2197", "", "C", 70.866, 70.866, 47.244, 47.244, 0],
		[39, "SW1_3", 1252.05, -2858.58, "T", "DIP", "NET_1", "", "C", 70.866, 70.866, 47.244, 47.244, 0],
		[40, "SW1_3", 1252.05, -2858.58, "B", "DIP", "NET_1", "", "C", 70.866, 70.866, 47.244, 47.244, 0],
		[41, "SW1_4", 1507.95, -2858.58, "T", "DIP", "$1N2195", "", "C", 70.866, 70.866, 47.244, 47.244, 0],
		[42, "SW1_4", 1507.95, -2858.58, "B", "DIP", "$1N2195", "", "C", 70.866, 70.866, 47.244, 47.244, 0],
		[43, "SW2_1", 837.05, -2971.42, "T", "DIP", "$1N1201", "", "C", 70.866, 70.866, 47.244, 47.244, 0],
		[44, "SW2_1", 837.05, -2971.42, "B", "DIP", "$1N1201", "", "C", 70.866, 70.866, 47.244, 47.244, 0],
		[45, "SW2_2", 1092.95, -2971.42, "T", "DIP", "$1N2199", "", "C", 70.866, 70.866, 47.244, 47.244, 0],
		[46, "SW2_2", 1092.95, -2971.42, "B", "DIP", "$1N2199", "", "C", 70.866, 70.866, 47.244, 47.244, 0],
		[47, "SW2_3", 837.05, -3148.58, "T", "DIP", "NET_2", "", "C", 70.866, 70.866, 47.244, 47.244, 0],
		[48, "SW2_3", 837.05, -3148.58, "B", "DIP", "NET_2", "", "C", 70.866, 70.866, 47.244, 47.244, 0],
		[49, "SW2_4", 1092.95, -3148.58, "T", "DIP", "$1N2195", "", "C", 70.866, 70.866, 47.244, 47.244, 0],
		[50, "SW2_4", 1092.95, -3148.58, "B", "DIP", "$1N2195", "", "C", 70.866, 70.866, 47.244, 47.244, 0],
		[51, "SW3_1", 1682.05, -2961.42, "T", "DIP", "$1N1207", "", "C", 70.866, 70.866, 47.244, 47.244, 0],
		[52, "SW3_1", 1682.05, -2961.42, "B", "DIP", "$1N1207", "", "C", 70.866, 70.866, 47.244, 47.244, 0],
		[53, "SW3_2", 1937.95, -2961.42, "T", "DIP", "$1N2201", "", "C", 70.866, 70.866, 47.244, 47.244, 0],
		[54, "SW3_2", 1937.95, -2961.42, "B", "DIP", "$1N2201", "", "C", 70.866, 70.866, 47.244, 47.244, 0],
		[55, "SW3_3", 1682.05, -3138.58, "T", "DIP", "NET_3", "", "C", 70.866, 70.866, 47.244, 47.244, 0],
		[56, "SW3_3", 1682.05, -3138.58, "B", "DIP", "NET_3", "", "C", 70.866, 70.866, 47.244, 47.244, 0],
		[57, "SW3_4", 1937.95, -3138.58, "T", "DIP", "$1N2195", "", "C", 70.866, 70.866, 47.244, 47.244, 0],
		[58, "SW3_4", 1937.95, -3138.58, "B", "DIP", "$1N2195", "", "C", 70.866, 70.866, 47.244, 47.244, 0],
		[59, "SW4_1", 1267.05, -3271.42, "T", "DIP", "$1N1214", "", "C", 70.866, 70.866, 47.244, 47.244, 0],
		[60, "SW4_1", 1267.05, -3271.42, "B", "DIP", "$1N1214", "", "C", 70.866, 70.866, 47.244, 47.244, 0],
		[61, "SW4_2", 1522.95, -3271.42, "T", "DIP", "$1N2203", "", "C", 70.866, 70.866, 47.244, 47.244, 0],
		[62, "SW4_2", 1522.95, -3271.42, "B", "DIP", "$1N2203", "", "C", 70.866, 70.866, 47.244, 47.244, 0],
		[63, "SW4_3", 1267.05, -3448.58, "T", "DIP", "$1N1287", "", "C", 70.866, 70.866, 47.244, 47.244, 0],
		[64, "SW4_3", 1267.05, -3448.58, "B", "DIP", "$1N1287", "", "C", 70.866, 70.866, 47.244, 47.244, 0],
		[65, "SW4_4", 1522.95, -3448.58, "T", "DIP", "$1N2195", "", "C", 70.866, 70.866, 47.244, 47.244, 0],
		[66, "SW4_4", 1522.95, -3448.58, "B", "DIP", "$1N2195", "", "C", 70.866, 70.866, 47.244, 47.244, 0],
		[67, "SW5_1", 2125, -2883.74, "T", "DIP", "$1N1312", "", "C", 60, 60, 36, 36, 90],
		[68, "SW5_1", 2125, -2883.74, "B", "DIP", "$1N1312", "", "C", 60, 60, 36, 36, 90],
		[69, "SW5_2", 2125, -2805, "T", "DIP", "$1N1091", "", "C", 60, 60, 36, 36, 90],
		[70, "SW5_2", 2125, -2805, "B", "DIP", "$1N1091", "", "C", 60, 60, 36, 36, 90],
		[71, "SW5_3", 2125, -2726.26, "T", "DIP", "NET_4", "", "C", 60, 60, 36, 36, 90],
		[72, "SW5_3", 2125, -2726.26, "B", "DIP", "NET_4", "", "C", 60, 60, 36, 36, 90],
		[73, "SW5_4", 2125, -2641.61, "T", "DIP", "NET_5", "", "O", 55.118, 86.614, 31.496, 62.992, 90],
		[74, "SW5_4", 2125, -2641.61, "B", "DIP", "NET_5", "", "O", 55.118, 86.614, 31.496, 62.992, 90],
		[75, "SW5_5", 2125, -2968.39, "T", "DIP", "NET_6", "", "O", 55.118, 86.614, 31.496, 62.992, 90],
		[76, "SW5_5", 2125, -2968.39, "B", "DIP", "NET_6", "", "O", 55.118, 86.614, 31.496, 62.992, 90],
		[77, "U1_1", 780.395, -3440, "T", "DIP", "$1N1312", "", "C", 70.866, 70.866, 39.37, 39.37, 0],
		[78, "U1_1", 780.395, -3440, "B", "DIP", "$1N1312", "", "C", 70.866, 70.866, 39.37, 39.37, 0],
		[79, "U1_2", 1079.605, -3440, "T", "DIP", "$1N1307", "", "C", 70.866, 70.866, 39.37, 39.37, 0],
		[80, "U1_2", 1079.605, -3440, "B", "DIP", "$1N1307", "", "C", 70.866, 70.866, 39.37, 39.37, 0],
		[81, "wemos d1 mini_1", 1770.001, -2479.997, "T", "DIP", "$1N1312", "", "C", 60, 60, 36, 36, 180],
		[82, "wemos d1 mini_1", 1770.001, -2479.997, "B", "DIP", "$1N1312", "", "C", 60, 60, 36, 36, 180],
		[83, "wemos d1 mini_2", 1670.001, -2479.997, "T", "DIP", "$1N2195", "", "C", 60, 60, 36, 36, 180],
		[84, "wemos d1 mini_2", 1670.001, -2479.997, "B", "DIP", "$1N2195", "", "C", 60, 60, 36, 36, 180],
		[85, "wemos d1 mini_3", 1570.001, -2479.997, "T", "DIP", "$1N1282", "", "C", 60, 60, 36, 36, 180],
		[86, "wemos d1 mini_3", 1570.001, -2479.997, "B", "DIP", "$1N1282", "", "C", 60, 60, 36, 36, 180],
		[87, "wemos d1 mini_4", 1470.001, -2479.997, "T", "DIP", "$1N1214", "", "C", 60, 60, 36, 36, 180],
		[88, "wemos d1 mini_4", 1470.001, -2479.997, "B", "DIP", "$1N1214", "", "C", 60, 60, 36, 36, 180],
		[89, "wemos d1 mini_5", 1370.001, -2479.997, "T", "DIP", "$1N1066", "", "C", 60, 60, 36, 36, 180],
		[90, "wemos d1 mini_5", 1370.001, -2479.997, "B", "DIP", "$1N1066", "", "C", 60, 60, 36, 36, 180],
		[91, "wemos d1 mini_6", 1270.001, -2479.997, "T", "DIP", "$1N1061", "", "C", 60, 60, 36, 36, 180],
		[92, "wemos d1 mini_6", 1270.001, -2479.997, "B", "DIP", "$1N1061", "", "C", 60, 60, 36, 36, 180],
		[93, "wemos d1 mini_7", 1170.001, -2479.997, "T", "DIP", "NET_7", "", "C", 60, 60, 36, 36, 180],
		[94, "wemos d1 mini_7", 1170.001, -2479.997, "B", "DIP", "NET_7", "", "C", 60, 60, 36, 36, 180],
		[95, "wemos d1 mini_8", 1070.001, -2479.997, "T", "DIP", "NET_8", "", "C", 60, 60, 36, 36, 180],
		[96, "wemos d1 mini_8", 1070.001, -2479.997, "B", "DIP", "NET_8", "", "C", 60, 60, 36, 36, 180],
		[97, "wemos d1 mini_9", 1070.001, -1579.997, "T", "DIP", "NET_9", "", "C", 60, 60, 36, 36, 180],
		[98, "wemos d1 mini_9", 1070.001, -1579.997, "B", "DIP", "NET_9", "", "C", 60, 60, 36, 36, 180],
		[99, "wemos d1 mini_10", 1170.001, -1579.997, "T", "DIP", "NET_10", "", "C", 60, 60, 36, 36, 180],
		[100, "wemos d1 mini_10", 1170.001, -1579.997, "B", "DIP", "NET_10", "", "C", 60, 60, 36, 36, 180],
		[101, "wemos d1 mini_11", 1270.001, -1579.997, "T", "DIP", "NET_11", "", "C", 60, 60, 36, 36, 180],
		[102, "wemos d1 mini_11", 1270.001, -1579.997, "B", "DIP", "NET_11", "", "C", 60, 60, 36, 36, 180],
		[103, "wemos d1 mini_12", 1370.001, -1579.997, "T", "DIP", "$1N2201", "", "C", 60, 60, 36, 36, 180],
		[104, "wemos d1 mini_12", 1370.001, -1579.997, "B", "DIP", "$1N2201", "", "C", 60, 60, 36, 36, 180],
		[105, "wemos d1 mini_13", 1470.001, -1579.997, "T", "DIP", "$1N1191", "", "C", 60, 60, 36, 36, 180],
		[106, "wemos d1 mini_13", 1470.001, -1579.997, "B", "DIP", "$1N1191", "", "C", 60, 60, 36, 36, 180],
		[107, "wemos d1 mini_14", 1570.001, -1579.997, "T", "DIP", "$1N1201", "", "C", 60, 60, 36, 36, 180],
		[108, "wemos d1 mini_14", 1570.001, -1579.997, "B", "DIP", "$1N1201", "", "C", 60, 60, 36, 36, 180],
		[109, "wemos d1 mini_15", 1670.001, -1579.997, "T", "DIP", "NET_12", "", "C", 60, 60, 36, 36, 180],
		[110, "wemos d1 mini_15", 1670.001, -1579.997, "B", "DIP", "NET_12", "", "C", 60, 60, 36, 36, 180],
		[111, "wemos d1 mini_16", 1770.001, -1579.997, "T", "DIP", "$1N1091", "", "C", 60, 60, 36, 36, 180],
		[112, "wemos d1 mini_16", 1770.001, -1579.997, "B", "DIP", "$1N1091", "", "C", 60, 60, 36, 36, 180],
		[113, "PAD1_1", 2165, -3175, "T", "DIP", "$1N2195", "", "C", 60, 60, 0.1, 0.1, 0],
		[114, "PAD1_1", 2165, -3175, "B", "DIP", "$1N2195", "", "C", 60, 60, 0.1, 0.1, 0],
		[115, "PAD2_2", 2165, -3080, "T", "DIP", "$1N1091", "", "C", 60, 60, 0.1, 0.1, 0],
		[116, "PAD2_2", 2165, -3080, "B", "DIP", "$1N1091", "", "C", 60, 60, 0.1, 0.1, 0],
		[117, "PAD3_4", 1570, -1409.95, "T", "DIP", "$1N1066", "", "C", 64.961, 64.961, 39.37, 39.37, 0],
		[118, "PAD3_4", 1570, -1409.95, "B", "DIP", "$1N1066", "", "C", 64.961, 64.961, 39.37, 39.37, 0],
		[119, "PAD4_3", 1470, -1409.95, "T", "DIP", "$1N1061", "", "C", 64.961, 64.961, 39.37, 39.37, 0],
		[120, "PAD4_3", 1470, -1409.95, "B", "DIP", "$1N1061", "", "C", 64.961, 64.961, 39.37, 39.37, 0],
		[121, "PAD5_2", 1370, -1409.95, "T", "DIP", "$1N1091", "", "C", 64.961, 64.961, 39.37, 39.37, 0],
		[122, "PAD5_2", 1370, -1409.95, "B", "DIP", "$1N1091", "", "C", 64.961, 64.961, 39.37, 39.37, 0],
		[123, "PAD6_1", 1270, -1410.05, "T", "DIP", "$1N2195", "", "C", 64.961, 64.961, 39.37, 39.37, 0],
		[124, "PAD6_1", 1270, -1410.05, "B", "DIP", "$1N2195", "", "C", 64.961, 64.961, 39.37, 39.37, 0],
		[125, "PAD7_3", 890, -2670, "T", "DIP", "$1N1287", "", "O", 35.433, 62.992, 27.56, 27.56, 180],
		[126, "PAD7_3", 890, -2670, "B", "DIP", "$1N1287", "", "O", 35.433, 62.992, 27.56, 27.56, 180],
		[127, "PAD8_2", 940, -2670, "T", "DIP", "$1N1278", "", "O", 35.433, 62.992, 27.56, 27.56, 180],
		[128, "PAD8_2", 940, -2670, "B", "DIP", "$1N1278", "", "O", 35.433, 62.992, 27.56, 27.56, 180],
		[129, "PAD9_1", 990, -2670, "T", "DIP", "$1N1307", "", "R", 35.433, 62.992, 27.56, 27.56, 180],
		[130, "PAD9_1", 990, -2670, "B", "DIP", "$1N1307", "", "R", 35.433, 62.992, 27.56, 27.56, 180],
		[131, "PAD10_1", 1785, -3360, "T", "DIP", "$1N2197", "", "C", 78.74, 78.74, 35.434, 35.434, 180],
		[132, "PAD10_1", 1785, -3360, "B", "DIP", "$1N2197", "", "C", 78.74, 78.74, 35.434, 35.434, 180],
		[133, "PAD11_2", 2139.33, -3360, "T", "DIP", "$1N1091", "", "C", 78.74, 78.74, 35.434, 35.434, 180],
		[134, "PAD11_2", 2139.33, -3360, "B", "DIP", "$1N1091", "", "C", 78.74, 78.74, 35.434, 35.434, 180],
		[135, "PAD12_1", 1790, -3475, "T", "DIP", "$1N2199", "", "C", 78.74, 78.74, 35.434, 35.434, 180],
		[136, "PAD12_1", 1790, -3475, "B", "DIP", "$1N2199", "", "C", 78.74, 78.74, 35.434, 35.434, 180],
		[137, "PAD13_2", 2144.33, -3475, "T", "DIP", "$1N1091", "", "C", 78.74, 78.74, 35.434, 35.434, 180],
		[138, "PAD13_2", 2144.33, -3475, "B", "DIP", "$1N1091", "", "C", 78.74, 78.74, 35.434, 35.434, 180],
		[139, "PAD14_1", 1795, -3595, "T", "DIP", "$1N2201", "", "C", 78.74, 78.74, 35.434, 35.434, 180],
		[140, "PAD14_1", 1795, -3595, "B", "DIP", "$1N2201", "", "C", 78.74, 78.74, 35.434, 35.434, 180],
		[141, "PAD15_2", 2149.33, -3595, "T", "DIP", "$1N1091", "", "C", 78.74, 78.74, 35.434, 35.434, 180],
		[142, "PAD15_2", 2149.33, -3595, "B", "DIP", "$1N1091", "", "C", 78.74, 78.74, 35.434, 35.434, 180],
		[143, "PAD16_1", 1790, -3720, "T", "DIP", "$1N2203", "", "C", 78.74, 78.74, 35.434, 35.434, 180],
		[144, "PAD16_1", 1790, -3720, "B", "DIP", "$1N2203", "", "C", 78.74, 78.74, 35.434, 35.434, 180],
		[145, "PAD17_2", 2144.33, -3720, "T", "DIP", "$1N1091", "", "C", 78.74, 78.74, 35.434, 35.434, 180],
		[146, "PAD17_2", 2144.33, -3720, "B", "DIP", "$1N1091", "", "C", 78.74, 78.74, 35.434, 35.434, 180],
		[147, "PAD18_1", 1170, -3730, "T", "DIP", "$1N1282", "", "C", 78.74, 78.74, 35.434, 35.434, 180],
		[148, "PAD18_1", 1170, -3730, "B", "DIP", "$1N1282", "", "C", 78.74, 78.74, 35.434, 35.434, 180],
		[149, "PAD19_2", 1524.33, -3730, "T", "DIP", "$1N1278", "", "C", 78.74, 78.74, 35.434, 35.434, 180],
		[150, "PAD19_2", 1524.33, -3730, "B", "DIP", "$1N1278", "", "C", 78.74, 78.74, 35.434, 35.434, 180],
		[151, "PAD20_1", 1252.05, -2681.42, "T", "DIP", "$1N1191", "", "C", 70.866, 70.866, 47.244, 47.244, 0],
		[152, "PAD20_1", 1252.05, -2681.42, "B", "DIP", "$1N1191", "", "C", 70.866, 70.866, 47.244, 47.244, 0],
		[153, "PAD21_2", 1507.95, -2681.42, "T", "DIP", "$1N2197", "", "C", 70.866, 70.866, 47.244, 47.244, 0],
		[154, "PAD21_2", 1507.95, -2681.42, "B", "DIP", "$1N2197", "", "C", 70.866, 70.866, 47.244, 47.244, 0],
		[155, "PAD22_4", 1507.95, -2858.58, "T", "DIP", "$1N2195", "", "C", 70.866, 70.866, 47.244, 47.244, 0],
		[156, "PAD22_4", 1507.95, -2858.58, "B", "DIP", "$1N2195", "", "C", 70.866, 70.866, 47.244, 47.244, 0],
		[157, "PAD23_1", 837.05, -2971.42, "T", "DIP", "$1N1201", "", "C", 70.866, 70.866, 47.244, 47.244, 0],
		[158, "PAD23_1", 837.05, -2971.42, "B", "DIP", "$1N1201", "", "C", 70.866, 70.866, 47.244, 47.244, 0],
		[159, "PAD24_2", 1092.95, -2971.42, "T", "DIP", "$1N2199", "", "C", 70.866, 70.866, 47.244, 47.244, 0],
		[160, "PAD24_2", 1092.95, -2971.42, "B", "DIP", "$1N2199", "", "C", 70.866, 70.866, 47.244, 47.244, 0],
		[161, "PAD25_4", 1092.95, -3148.58, "T", "DIP", "$1N2195", "", "C", 70.866, 70.866, 47.244, 47.244, 0],
		[162, "PAD25_4", 1092.95, -3148.58, "B", "DIP", "$1N2195", "", "C", 70.866, 70.866, 47.244, 47.244, 0],
		[163, "PAD26_1", 1682.05, -2961.42, "T", "DIP", "$1N1207", "", "C", 70.866, 70.866, 47.244, 47.244, 0],
		[164, "PAD26_1", 1682.05, -2961.42, "B", "DIP", "$1N1207", "", "C", 70.866, 70.866, 47.244, 47.244, 0],
		[165, "PAD27_2", 1937.95, -2961.42, "T", "DIP", "$1N2201", "", "C", 70.866, 70.866, 47.244, 47.244, 0],
		[166, "PAD27_2", 1937.95, -2961.42, "B", "DIP", "$1N2201", "", "C", 70.866, 70.866, 47.244, 47.244, 0],
		[167, "PAD28_4", 1937.95, -3138.58, "T", "DIP", "$1N2195", "", "C", 70.866, 70.866, 47.244, 47.244, 0],
		[168, "PAD28_4", 1937.95, -3138.58, "B", "DIP", "$1N2195", "", "C", 70.866, 70.866, 47.244, 47.244, 0],
		[169, "PAD29_1", 1267.05, -3271.42, "T", "DIP", "$1N1214", "", "C", 70.866, 70.866, 47.244, 47.244, 0],
		[170, "PAD29_1", 1267.05, -3271.42, "B", "DIP", "$1N1214", "", "C", 70.866, 70.866, 47.244, 47.244, 0],
		[171, "PAD30_2", 1522.95, -3271.42, "T", "DIP", "$1N2203", "", "C", 70.866, 70.866, 47.244, 47.244, 0],
		[172, "PAD30_2", 1522.95, -3271.42, "B", "DIP", "$1N2203", "", "C", 70.866, 70.866, 47.244, 47.244, 0],
		[173, "PAD31_3", 1267.05, -3448.58, "T", "DIP", "$1N1287", "", "C", 70.866, 70.866, 47.244, 47.244, 0],
		[174, "PAD31_3", 1267.05, -3448.58, "B", "DIP", "$1N1287", "", "C", 70.866, 70.866, 47.244, 47.244, 0],
		[175, "PAD32_4", 1522.95, -3448.58, "T", "DIP", "$1N2195", "", "C", 70.866, 70.866, 47.244, 47.244, 0],
		[176, "PAD32_4", 1522.95, -3448.58, "B", "DIP", "$1N2195", "", "C", 70.866, 70.866, 47.244, 47.244, 0],
		[177, "PAD33_2", 1079.605, -3440, "T", "DIP", "$1N1307", "", "C", 70.866, 70.866, 39.37, 39.37, 0],
		[178, "PAD33_2", 1079.605, -3440, "B", "DIP", "$1N1307", "", "C", 70.866, 70.866, 39.37, 39.37, 0],
		[179, "PAD34_1", 780.395, -3440, "T", "DIP", "$1N1312", "", "C", 70.866, 70.866, 39.37, 39.37, 0],
		[180, "PAD34_1", 780.395, -3440, "B", "DIP", "$1N1312", "", "C", 70.866, 70.866, 39.37, 39.37, 0],
		[181, "PAD35_16", 1770.001, -1579.997, "T", "DIP", "$1N1091", "", "C", 60, 60, 36, 36, 180],
		[182, "PAD35_16", 1770.001, -1579.997, "B", "DIP", "$1N1091", "", "C", 60, 60, 36, 36, 180],
		[183, "PAD36_14", 1570.001, -1579.997, "T", "DIP", "$1N1201", "", "C", 60, 60, 36, 36, 180],
		[184, "PAD36_14", 1570.001, -1579.997, "B", "DIP", "$1N1201", "", "C", 60, 60, 36, 36, 180],
		[185, "PAD37_13", 1470.001, -1579.997, "T", "DIP", "$1N1191", "", "C", 60, 60, 36, 36, 180],
		[186, "PAD37_13", 1470.001, -1579.997, "B", "DIP", "$1N1191", "", "C", 60, 60, 36, 36, 180],
		[187, "PAD38_12", 1370.001, -1579.997, "T", "DIP", "$1N2201", "", "C", 60, 60, 36, 36, 180],
		[188, "PAD38_12", 1370.001, -1579.997, "B", "DIP", "$1N2201", "", "C", 60, 60, 36, 36, 180],
		[189, "PAD39_1", 1770.001, -2479.997, "T", "DIP", "$1N1312", "", "C", 60, 60, 36, 36, 180],
		[190, "PAD39_1", 1770.001, -2479.997, "B", "DIP", "$1N1312", "", "C", 60, 60, 36, 36, 180],
		[191, "PAD40_2", 1670.001, -2479.997, "T", "DIP", "$1N2195", "", "C", 60, 60, 36, 36, 180],
		[192, "PAD40_2", 1670.001, -2479.997, "B", "DIP", "$1N2195", "", "C", 60, 60, 36, 36, 180],
		[193, "PAD41_3", 1570.001, -2479.997, "T", "DIP", "$1N1282", "", "C", 60, 60, 36, 36, 180],
		[194, "PAD41_3", 1570.001, -2479.997, "B", "DIP", "$1N1282", "", "C", 60, 60, 36, 36, 180],
		[195, "PAD42_4", 1470.001, -2479.997, "T", "DIP", "$1N1214", "", "C", 60, 60, 36, 36, 180],
		[196, "PAD42_4", 1470.001, -2479.997, "B", "DIP", "$1N1214", "", "C", 60, 60, 36, 36, 180],
		[197, "PAD43_5", 1370.001, -2479.997, "T", "DIP", "$1N1066", "", "C", 60, 60, 36, 36, 180],
		[198, "PAD43_5", 1370.001, -2479.997, "B", "DIP", "$1N1066", "", "C", 60, 60, 36, 36, 180],
		[199, "PAD44_6", 1270.001, -2479.997, "T", "DIP", "$1N1061", "", "C", 60, 60, 36, 36, 180],
		[200, "PAD44_6", 1270.001, -2479.997, "B", "DIP", "$1N1061", "", "C", 60, 60, 36, 36, 180],
		[201, "PAD45_1", 2125, -2883.74, "T", "DIP", "$1N1312", "", "C", 60, 60, 36, 36, 90],
		[202, "PAD45_1", 2125, -2883.74, "B", "DIP", "$1N1312", "", "C", 60, 60, 36, 36, 90],
		[203, "PAD46_2", 2125, -2805, "T", "DIP", "$1N1091", "", "C", 60, 60, 36, 36, 90],
		[204, "PAD46_2", 2125, -2805, "B", "DIP", "$1N1091", "", "C", 60, 60, 36, 36, 90]
	]
}
}